<?xml version="1.0" encoding="UTF-8" ?>
<XMLDB PATH="local/plugina/db" VERSION="20220826" COMMENT="XMLDB file for local_plugina"
       xmlns:xsi="http://www.w3.org/2001/XMLSchema-instance"
       xsi:noNamespaceSchemaLocation="../../../lib/xmldb/xmldb.xsd"
>
    <TABLES>
        <TABLE NAME="local_plugina" COMMENT="Config table used for siteindex plugins">
            <FIELDS>
                <FIELD NAME="id" TYPE="int" LENGTH="11" NOTNULL="true" SEQUENCE="true"/>
                <FIELD NAME="firstname" TYPE="text" NOTNULL="true" SEQUENCE="false"/>
                <FIELD NAME="lastname" TYPE="text" NOTNULL="true" SEQUENCE="false"/>
                <FIELD NAME="email" TYPE="text" NOTNULL="true" SEQUENCE="false"/>
                <FIELD NAME="country" TYPE="text" NOTNULL="true" SEQUENCE="false"/>
                <FIELD NAME="mobile" TYPE="text" NOTNULL="true" SEQUENCE="false"/>
                <FIELD NAME="timecreated" TYPE="int" LENGTH="11" NOTNULL="true" SEQUENCE="false"/>
                <FIELD NAME="timemodified" TYPE="int" LENGTH="11" NOTNULL="true" SEQUENCE="false"/>
            </FIELDS>
            <KEYS>
                <KEY NAME="primary" TYPE="primary" FIELDS="id"/>
            </KEYS>
        </TABLE>


    </TABLES>
</XMLDB>
